id;actividad;duracion;fecha_inicio;fecha_fin;orden_vista
1;mobile Fish;77969;2020-08-05;2020-08-05;15601
2;Computer Practical Fresh Pants;60111;2020-08-05;2020-08-04;65088
3;Tasty Metal Bacon;93855;2020-08-05;2020-08-05;18182
4;Soap methodology Albania;43194;2020-08-05;2020-08-05;52477
5;enable Gorgeous Frozen Pants;23277;2020-08-05;2020-08-05;78517
6;grey Cambridgeshire;59241;2020-08-05;2020-08-05;85994
7;Yuan Renminbi Centers;1326;2020-08-04;2020-08-04;96563
8;cross-platform access;9767;2020-08-05;2020-08-05;24102
9;Bahamian Dollar Investment Account;83319;2020-08-05;2020-08-05;90932
10;Digitized invoice;31171;2020-08-05;2020-08-05;20794
