id;nombre_adjunto;fecha_creacion;fecha_modificacion;estado_adjunto;adjunto_proyecto_fase;nombre_archivo_original;fecha_inicio;fecha_fin;archivo;archivo_content_type;archivo_content_type
1;parse;2020-10-07;2020-10-07;96588;Quality-focused experiences;Rustic Fresh Sausages Principal Personal Loan Account;2020-10-08;2020-10-07;../fake-data/blob/hipster.png;image/png;Massachusetts tan
2;ROI;2020-10-08;2020-10-07;42419;web-enabled Colorado application;Steel Security Consultant;2020-10-07;2020-10-07;../fake-data/blob/hipster.png;image/png;withdrawal utilize
3;Sleek Personal Loan Account;2020-10-07;2020-10-07;18613;index;Dalasi East Caribbean Dollar Mobility;2020-10-07;2020-10-07;../fake-data/blob/hipster.png;image/png;Mobility Granite
4;eyeballs;2020-10-08;2020-10-07;13702;Bacon grey cultivate;indexing;2020-10-07;2020-10-07;../fake-data/blob/hipster.png;image/png;purple West Virginia sexy
5;Tasty Cotton Chips French Polynesia;2020-10-07;2020-10-07;86981;incentivize;Regional Dynamic;2020-10-07;2020-10-07;../fake-data/blob/hipster.png;image/png;Malta Fresh
6;parsing Macedonia;2020-10-08;2020-10-07;68999;access;Islands AGP;2020-10-07;2020-10-08;../fake-data/blob/hipster.png;image/png;Multi-channelled Baby South Dakota
7;dynamic Montana withdrawal;2020-10-07;2020-10-07;83626;Rhode Island transmitting Small;Tools;2020-10-07;2020-10-07;../fake-data/blob/hipster.png;image/png;ubiquitous
8;payment;2020-10-07;2020-10-07;35311;Stand-alone initiatives;Clothing Chief circuit;2020-10-07;2020-10-07;../fake-data/blob/hipster.png;image/png;Bedfordshire bus
9;Reactive Auto Loan Account COM;2020-10-07;2020-10-07;75895;Credit Card Account;Chilean Peso Unidades de fomento Refined real-time;2020-10-07;2020-10-07;../fake-data/blob/hipster.png;image/png;implement
10;Markets infrastructure object-oriented;2020-10-07;2020-10-07;74833;online olive Awesome Frozen Pants;repurpose Reduced Soft;2020-10-08;2020-10-08;../fake-data/blob/hipster.png;image/png;multi-tasking Rustic Plastic Tuna
